{
    "fluentMethods": true,
    "relationships": [
        {
            "relationshipName": "tbc_instituicao",
            "otherEntityName": "tbc_instituicao",
            "relationshipType": "many-to-one",
            "relationshipValidateRules": [
                "required"
            ],
            "otherEntityField": "id"
        }
    ],
    "fields": [
        {
            "fieldName": "nome",
            "fieldType": "String",
            "fieldValidateRules": [
                "required"
            ]
        },
        {
            "fieldName": "descricao",
            "fieldType": "byte[]",
            "fieldTypeBlobContent": "text"
        },
        {
            "fieldName": "removido",
            "fieldType": "Boolean"
        },
        {
            "fieldName": "responsavel",
            "fieldType": "byte[]",
            "fieldTypeBlobContent": "text",
            "fieldValidateRules": [
                "required"
            ]
        }
    ],
    "changelogDate": "20170210141020",
    "dto": "no",
    "service": "serviceImpl",
    "entityTableName": "tbc_grupo_cliente",
    "pagination": "pager",
    "microserviceName": "lims",
    "searchEngine": "elasticsearch",
    "enableEntityAudit": true
}
