{
    "fluentMethods": true,
    "relationships": [],
    "fields": [
        {
            "fieldName": "nome",
            "fieldType": "String",
            "fieldValidateRules": [
                "required"
            ]
        },
        {
            "fieldName": "descricao",
            "fieldType": "String"
        }
    ],
    "changelogDate": "20170207174353",
    "dto": "no",
    "service": "serviceImpl",
    "entityTableName": "tbc_tipo_campo",
    "pagination": "pager",
    "microserviceName": "lims",
    "searchEngine": "elasticsearch",
    "enableEntityAudit": true
}
