{
    "fluentMethods": true,
    "relationships": [],
    "fields": [
        {
            "fieldName": "nome",
            "fieldType": "String",
            "fieldValidateRules": [
                "required"
            ]
        },
        {
            "fieldName": "descricao",
            "fieldType": "String"
        },
        {
            "fieldName": "sigla",
            "fieldType": "String",
            "fieldValidateRules": [
                "required"
            ]
        },
        {
            "fieldName": "uf",
            "fieldType": "String",
            "fieldValidateRules": [
                "required",
                "minlength",
                "maxlength"
            ],
            "fieldValidateRulesMinlength": "2",
            "fieldValidateRulesMaxlength": "2"
        },
        {
            "fieldName": "endereco",
            "fieldType": "String"
        },
        {
            "fieldName": "telefone",
            "fieldType": "String"
        },
        {
            "fieldName": "removido",
            "fieldType": "Boolean"
        },
        {
            "fieldName": "email",
            "fieldType": "String",
            "fieldValidateRules": [
                "required"
            ]
        }
    ],
    "changelogDate": "20170115225331",
    "dto": "no",
    "service": "serviceImpl",
    "entityTableName": "tbc_instituicao",
    "pagination": "pager",
    "microserviceName": "lims",
    "searchEngine": "elasticsearch",
    "enableEntityAudit": true
}
