{
    "fluentMethods": true,
    "relationships": [
        {
            "relationshipName": "tbc_sub_grupo",
            "otherEntityName": "tbc_sub_grupo",
            "relationshipType": "many-to-one",
            "relationshipValidateRules": [
                "required"
            ],
            "otherEntityField": "id"
        },
        {
            "relationshipName": "tbc_grupo_analise",
            "otherEntityName": "tbc_grupo_analise",
            "relationshipType": "many-to-one",
            "relationshipValidateRules": [
                "required"
            ],
            "otherEntityField": "id"
        },
        {
            "relationshipName": "tbc_tipo_cadastro",
            "otherEntityName": "tbc_tipo_cadastro",
            "relationshipType": "many-to-one",
            "relationshipValidateRules": [
                "required"
            ],
            "otherEntityField": "id"
        },
        {
            "relationshipName": "tbc_instituicao",
            "otherEntityName": "tbc_instituicao",
            "relationshipType": "many-to-one",
            "relationshipValidateRules": [
                "required"
            ],
            "otherEntityField": "id"
        },
        {
            "relationshipName": "tbc_report",
            "otherEntityName": "tbc_report",
            "relationshipType": "many-to-one",
            "otherEntityField": "id"
        }
    ],
    "fields": [
        {
            "fieldName": "nome",
            "fieldType": "String",
            "fieldValidateRules": [
                "required"
            ]
        },
        {
            "fieldName": "descricao",
            "fieldType": "byte[]",
            "fieldTypeBlobContent": "text"
        },
        {
            "fieldName": "numerodias",
            "fieldType": "Integer",
            "fieldValidateRules": [
                "required"
            ]
        },
        {
            "fieldName": "metpop",
            "fieldType": "String",
            "fieldValidateRules": [
                "required"
            ]
        },
        {
            "fieldName": "removido",
            "fieldType": "Boolean",
            "fieldValidateRules": []
        },
        {
            "fieldName": "tercerizado",
            "fieldType": "Boolean"
        },
        {
            "fieldName": "directiva_data_atu",
            "fieldType": "ZonedDateTime"
        }
    ],
    "changelogDate": "20170204182824",
    "dto": "no",
    "service": "serviceImpl",
    "entityTableName": "tbc_analises",
    "pagination": "pager",
    "microserviceName": "lims",
    "searchEngine": "elasticsearch",
    "enableEntityAudit": true
}
