{
    "fluentMethods": true,
    "relationships": [
        {
            "relationshipName": "tbc_instituicao",
            "otherEntityName": "tbc_instituicao",
            "relationshipType": "many-to-one",
            "relationshipValidateRules": [
                "required"
            ],
            "otherEntityField": "id"
        },
        {
            "relationshipName": "tbc_grupo_cliente",
            "otherEntityName": "tbc_grupo_cliente",
            "relationshipType": "many-to-one",
            "relationshipValidateRules": [
                "required"
            ],
            "otherEntityField": "id"
        }
    ],
    "fields": [
        {
            "fieldName": "nome",
            "fieldType": "String",
            "fieldValidateRules": [
                "required"
            ]
        },
        {
            "fieldName": "cep",
            "fieldType": "String",
            "fieldValidateRules": [
                "required"
            ]
        },
        {
            "fieldName": "endereco",
            "fieldType": "byte[]",
            "fieldTypeBlobContent": "text",
            "fieldValidateRules": [
                "required"
            ]
        },
        {
            "fieldName": "email",
            "fieldType": "byte[]",
            "fieldTypeBlobContent": "text"
        },
        {
            "fieldName": "imprimir",
            "fieldType": "Boolean"
        },
        {
            "fieldName": "enviar_email",
            "fieldType": "Boolean"
        },
        {
            "fieldName": "directiva_data_atu",
            "fieldType": "ZonedDateTime"
        },
        {
            "fieldName": "cpf_cnpj",
            "fieldType": "String",
            "fieldValidateRules": [
                "required"
            ]
        },
        {
            "fieldName": "codigo_cliente",
            "fieldType": "String",
            "fieldValidateRules": [
                "required"
            ]
        },
        {
            "fieldName": "removido",
            "fieldType": "Boolean"
        },
        {
            "fieldName": "bairro",
            "fieldType": "String"
        },
        {
            "fieldName": "bloquear",
            "fieldType": "Boolean"
        },
        {
            "fieldName": "descricao",
            "fieldType": "byte[]",
            "fieldTypeBlobContent": "text"
        }
    ],
    "changelogDate": "2017021012425",
    "dto": "no",
    "service": "serviceImpl",
    "entityTableName": "tbc_cliente",
    "pagination": "pager",
    "microserviceName": "lims",
    "searchEngine": "elasticsearch",
    "enableEntityAudit": true
}
