{
    "fluentMethods": true,
    "relationships": [
        {
            "relationshipName": "tbc_plano_teste",
            "otherEntityName": "tbc_plano_teste",
            "relationshipType": "many-to-one",
            "relationshipValidateRules": [
                "required"
            ],
            "otherEntityField": "id"
        },
        {
            "relationshipName": "tbc_analises",
            "otherEntityName": "tbc_analises",
            "relationshipType": "many-to-one",
            "relationshipValidateRules": [
                "required"
            ],
            "otherEntityField": "id"
        }
    ],
    "fields": [
        {
            "fieldName": "ordem",
            "fieldType": "Integer",
            "fieldValidateRules": [
                "required"
            ]
        }
    ],
    "changelogDate": "20170211143717",
    "dto": "no",
    "service": "serviceImpl",
    "entityTableName": "tbc_plano_teste_analise",
    "pagination": "pager",
    "microserviceName": "lims",
    "searchEngine": "elasticsearch",
    "enableEntityAudit": true
}
